{
    "x0": [
        -0.34731183,
        -0.04978355
    ],
    "dm_x0": [
        -1.5,
        -1.5
    ],
    "dm_x1": [
        1.5,
        1.5
    ],
    "params": {
        "k": 0.1,
        "B0": 0.026,
        "B": 0.255
    },
    "resolution": 256
}
